Star_name,Distance,Mass,Radius,star_name,distance,mass,radius,gravity
Sun,1.5813e-05,1.0,1.0,SDSS J000013.54+255418.6 [de],46.1,0.045820224,0.1017353699999999,274.2691614595739
Sirius,8.6,2.1,1.71,2MASS J00040288-6410358,192.0,0.018137172,0.1675036899999999,196.971799550325
Alpha Centauri,4.4,1.1,1.2,2MASS J00274197+0503417,236.0,0.029592228,0.1479787199999999,209.51116500384123
Altair,17.0,1.8,1.8,2MASSI J0103320+193536,70.0,0.049638576,0.1007077399999999,152.37175636642996
Fomalhaut,25.0,1.9,1.8,2MASS J02103857-3015313,101.0,0.01431882,0.15722739,160.8368539423427
Tau Ceti,11.9,0.783,0.893,2MASS J06085283-2753583,102.0,0.036274344,0.15517213,269.29967110479345
Delta Pavonis,19.92,0.991,1.22,2MASS J06244595-4521548 [de],39.0,0.053456928,0.1017353699999999,182.61269753187165
Titawin,44.25,1.27,1.48,2MASS J07290002-3954043 [de],25.8,0.035319756,0.0965972199999999,159.02202111653529
54 Piscium,36.1,0.76,0.94,2MASSI J0835425-081923 [de],23.53,0.059184456,0.102763,235.9037604224493